"id","cfop_dentro_estado_id/id","cfop_fora_estado_id/id","cfop_fora_pais_id/id"
"__export__.sped_cfop_1","__export__.sped_cfop_1","__export__.sped_cfop_118","__export__.sped_cfop_227"
"__export__.sped_cfop_2","__export__.sped_cfop_2","__export__.sped_cfop_119","__export__.sped_cfop_228"
"__export__.sped_cfop_3","__export__.sped_cfop_3","__export__.sped_cfop_120",""
"__export__.sped_cfop_4","__export__.sped_cfop_4","__export__.sped_cfop_121",""
"__export__.sped_cfop_5","__export__.sped_cfop_5","__export__.sped_cfop_122",""
"__export__.sped_cfop_6","__export__.sped_cfop_6","__export__.sped_cfop_123",""
"__export__.sped_cfop_7","__export__.sped_cfop_7","__export__.sped_cfop_124",""
"__export__.sped_cfop_8","__export__.sped_cfop_8","__export__.sped_cfop_125",""
"__export__.sped_cfop_9","__export__.sped_cfop_9","__export__.sped_cfop_126",""
"__export__.sped_cfop_10","__export__.sped_cfop_10","__export__.sped_cfop_127",""
"__export__.sped_cfop_11","__export__.sped_cfop_11","__export__.sped_cfop_128",""
"__export__.sped_cfop_12","__export__.sped_cfop_12","__export__.sped_cfop_129",""
"__export__.sped_cfop_13","__export__.sped_cfop_13","__export__.sped_cfop_130","__export__.sped_cfop_229"
"__export__.sped_cfop_14","__export__.sped_cfop_14","__export__.sped_cfop_131","__export__.sped_cfop_231"
"__export__.sped_cfop_15","__export__.sped_cfop_15","__export__.sped_cfop_132",""
"__export__.sped_cfop_16","__export__.sped_cfop_16","__export__.sped_cfop_133",""
"__export__.sped_cfop_17","__export__.sped_cfop_17","__export__.sped_cfop_134",""
"__export__.sped_cfop_18","__export__.sped_cfop_18","__export__.sped_cfop_135",""
"__export__.sped_cfop_19","__export__.sped_cfop_19","__export__.sped_cfop_136","__export__.sped_cfop_232"
"__export__.sped_cfop_20","__export__.sped_cfop_20","__export__.sped_cfop_137","__export__.sped_cfop_233"
"__export__.sped_cfop_21","__export__.sped_cfop_21","__export__.sped_cfop_138",""
"__export__.sped_cfop_22","__export__.sped_cfop_22","__export__.sped_cfop_139",""
"__export__.sped_cfop_23","__export__.sped_cfop_23","__export__.sped_cfop_140","__export__.sped_cfop_234"
"__export__.sped_cfop_24","__export__.sped_cfop_24","__export__.sped_cfop_141","__export__.sped_cfop_235"
"__export__.sped_cfop_25","__export__.sped_cfop_25","__export__.sped_cfop_142","__export__.sped_cfop_236"
"__export__.sped_cfop_26","__export__.sped_cfop_26","__export__.sped_cfop_143",""
"__export__.sped_cfop_27","__export__.sped_cfop_27","__export__.sped_cfop_144",""
"__export__.sped_cfop_28","__export__.sped_cfop_28","__export__.sped_cfop_145","__export__.sped_cfop_239"
"__export__.sped_cfop_29","__export__.sped_cfop_29","__export__.sped_cfop_146",""
"__export__.sped_cfop_30","__export__.sped_cfop_30","__export__.sped_cfop_147",""
"__export__.sped_cfop_31","__export__.sped_cfop_31","__export__.sped_cfop_148",""
"__export__.sped_cfop_32","__export__.sped_cfop_32","__export__.sped_cfop_149",""
"__export__.sped_cfop_33","__export__.sped_cfop_33","__export__.sped_cfop_150",""
"__export__.sped_cfop_34","__export__.sped_cfop_34","__export__.sped_cfop_151",""
"__export__.sped_cfop_35","__export__.sped_cfop_35","__export__.sped_cfop_152","__export__.sped_cfop_240"
"__export__.sped_cfop_36","__export__.sped_cfop_36","__export__.sped_cfop_153",""
"__export__.sped_cfop_37","__export__.sped_cfop_37","__export__.sped_cfop_154",""
"__export__.sped_cfop_38","__export__.sped_cfop_38","__export__.sped_cfop_155",""
"__export__.sped_cfop_39","__export__.sped_cfop_39","__export__.sped_cfop_156",""
"__export__.sped_cfop_40","__export__.sped_cfop_40","__export__.sped_cfop_157",""
"__export__.sped_cfop_41","__export__.sped_cfop_41","__export__.sped_cfop_158","__export__.sped_cfop_241"
"__export__.sped_cfop_42","__export__.sped_cfop_42","__export__.sped_cfop_159","__export__.sped_cfop_242"
"__export__.sped_cfop_43","__export__.sped_cfop_43","__export__.sped_cfop_160","__export__.sped_cfop_243"
"__export__.sped_cfop_44","__export__.sped_cfop_44","__export__.sped_cfop_161","__export__.sped_cfop_244"
"__export__.sped_cfop_45","__export__.sped_cfop_45","__export__.sped_cfop_162","__export__.sped_cfop_245"
"__export__.sped_cfop_46","__export__.sped_cfop_46","__export__.sped_cfop_163","__export__.sped_cfop_246"
"__export__.sped_cfop_47","__export__.sped_cfop_47","",""
"__export__.sped_cfop_48","__export__.sped_cfop_48","__export__.sped_cfop_164",""
"__export__.sped_cfop_49","__export__.sped_cfop_49","__export__.sped_cfop_165",""
"__export__.sped_cfop_50","__export__.sped_cfop_50","__export__.sped_cfop_166",""
"__export__.sped_cfop_51","__export__.sped_cfop_51","__export__.sped_cfop_167",""
"__export__.sped_cfop_52","__export__.sped_cfop_52","__export__.sped_cfop_168",""
"__export__.sped_cfop_53","__export__.sped_cfop_53","__export__.sped_cfop_169",""
"__export__.sped_cfop_54","__export__.sped_cfop_54","__export__.sped_cfop_170",""
"__export__.sped_cfop_55","__export__.sped_cfop_55","__export__.sped_cfop_171",""
"__export__.sped_cfop_56","__export__.sped_cfop_56","__export__.sped_cfop_172",""
"__export__.sped_cfop_57","__export__.sped_cfop_57","__export__.sped_cfop_173",""
"__export__.sped_cfop_58","__export__.sped_cfop_58","",""
"__export__.sped_cfop_59","__export__.sped_cfop_59","",""
"__export__.sped_cfop_60","__export__.sped_cfop_60","__export__.sped_cfop_174",""
"__export__.sped_cfop_61","__export__.sped_cfop_61","__export__.sped_cfop_175","__export__.sped_cfop_247"
"__export__.sped_cfop_62","__export__.sped_cfop_62","__export__.sped_cfop_176",""
"__export__.sped_cfop_63","__export__.sped_cfop_63","__export__.sped_cfop_177",""
"__export__.sped_cfop_64","__export__.sped_cfop_64","__export__.sped_cfop_178",""
"__export__.sped_cfop_65","__export__.sped_cfop_65","__export__.sped_cfop_179","__export__.sped_cfop_248"
"__export__.sped_cfop_66","__export__.sped_cfop_66","__export__.sped_cfop_180",""
"__export__.sped_cfop_67","__export__.sped_cfop_67","__export__.sped_cfop_181","__export__.sped_cfop_249"
"__export__.sped_cfop_68","__export__.sped_cfop_68","__export__.sped_cfop_182",""
"__export__.sped_cfop_69","__export__.sped_cfop_69","__export__.sped_cfop_183",""
"__export__.sped_cfop_70","__export__.sped_cfop_70","__export__.sped_cfop_184","__export__.sped_cfop_250"
"__export__.sped_cfop_71","__export__.sped_cfop_71","__export__.sped_cfop_185",""
"__export__.sped_cfop_72","__export__.sped_cfop_72","",""
"__export__.sped_cfop_73","__export__.sped_cfop_73","",""
"__export__.sped_cfop_74","__export__.sped_cfop_74","__export__.sped_cfop_186",""
"__export__.sped_cfop_75","__export__.sped_cfop_75","",""
"__export__.sped_cfop_76","__export__.sped_cfop_76","",""
"__export__.sped_cfop_77","__export__.sped_cfop_77","__export__.sped_cfop_187","__export__.sped_cfop_251"
"__export__.sped_cfop_78","__export__.sped_cfop_78","__export__.sped_cfop_188","__export__.sped_cfop_252"
"__export__.sped_cfop_79","__export__.sped_cfop_79","__export__.sped_cfop_189","__export__.sped_cfop_253"
"__export__.sped_cfop_80","__export__.sped_cfop_80","__export__.sped_cfop_190",""
"__export__.sped_cfop_81","__export__.sped_cfop_81","__export__.sped_cfop_191",""
"__export__.sped_cfop_82","__export__.sped_cfop_82","__export__.sped_cfop_192",""
"__export__.sped_cfop_83","__export__.sped_cfop_83","__export__.sped_cfop_193",""
"__export__.sped_cfop_84","__export__.sped_cfop_84","__export__.sped_cfop_194",""
"__export__.sped_cfop_85","__export__.sped_cfop_85","__export__.sped_cfop_195",""
"__export__.sped_cfop_86","__export__.sped_cfop_86","__export__.sped_cfop_196",""
"__export__.sped_cfop_87","__export__.sped_cfop_87","__export__.sped_cfop_197",""
"__export__.sped_cfop_88","__export__.sped_cfop_88","__export__.sped_cfop_198",""
"__export__.sped_cfop_89","__export__.sped_cfop_89","__export__.sped_cfop_199",""
"__export__.sped_cfop_90","__export__.sped_cfop_90","__export__.sped_cfop_200",""
"__export__.sped_cfop_91","__export__.sped_cfop_91","__export__.sped_cfop_201",""
"__export__.sped_cfop_92","__export__.sped_cfop_92","__export__.sped_cfop_202",""
"__export__.sped_cfop_93","__export__.sped_cfop_93","__export__.sped_cfop_203",""
"__export__.sped_cfop_94","__export__.sped_cfop_94","__export__.sped_cfop_204",""
"__export__.sped_cfop_95","__export__.sped_cfop_95","__export__.sped_cfop_205",""
"__export__.sped_cfop_96","__export__.sped_cfop_96","__export__.sped_cfop_206",""
"__export__.sped_cfop_97","__export__.sped_cfop_97","__export__.sped_cfop_207",""
"__export__.sped_cfop_98","__export__.sped_cfop_98","__export__.sped_cfop_208",""
"__export__.sped_cfop_99","__export__.sped_cfop_99","__export__.sped_cfop_209",""
"__export__.sped_cfop_100","__export__.sped_cfop_100","__export__.sped_cfop_210",""
"__export__.sped_cfop_101","__export__.sped_cfop_101","__export__.sped_cfop_211",""
"__export__.sped_cfop_102","__export__.sped_cfop_102","__export__.sped_cfop_212",""
"__export__.sped_cfop_103","__export__.sped_cfop_103","__export__.sped_cfop_213",""
"__export__.sped_cfop_104","__export__.sped_cfop_104","__export__.sped_cfop_214",""
"__export__.sped_cfop_105","__export__.sped_cfop_105","__export__.sped_cfop_215",""
"__export__.sped_cfop_106","__export__.sped_cfop_106","__export__.sped_cfop_216",""
"__export__.sped_cfop_107","__export__.sped_cfop_107","__export__.sped_cfop_217",""
"__export__.sped_cfop_108","__export__.sped_cfop_108","__export__.sped_cfop_218",""
"__export__.sped_cfop_109","__export__.sped_cfop_109","__export__.sped_cfop_219",""
"__export__.sped_cfop_110","__export__.sped_cfop_110","__export__.sped_cfop_220",""
"__export__.sped_cfop_111","__export__.sped_cfop_111","__export__.sped_cfop_221",""
"__export__.sped_cfop_112","__export__.sped_cfop_112","",""
"__export__.sped_cfop_113","__export__.sped_cfop_113","__export__.sped_cfop_222",""
"__export__.sped_cfop_114","__export__.sped_cfop_114","__export__.sped_cfop_223",""
"__export__.sped_cfop_115","__export__.sped_cfop_115","__export__.sped_cfop_224",""
"__export__.sped_cfop_116","__export__.sped_cfop_116","__export__.sped_cfop_225",""
"__export__.sped_cfop_117","__export__.sped_cfop_117","__export__.sped_cfop_226","__export__.sped_cfop_255"
"__export__.sped_cfop_118","__export__.sped_cfop_1","__export__.sped_cfop_118","__export__.sped_cfop_227"
"__export__.sped_cfop_119","__export__.sped_cfop_2","__export__.sped_cfop_119","__export__.sped_cfop_228"
"__export__.sped_cfop_120","__export__.sped_cfop_3","__export__.sped_cfop_120",""
"__export__.sped_cfop_121","__export__.sped_cfop_4","__export__.sped_cfop_121",""
"__export__.sped_cfop_122","__export__.sped_cfop_5","__export__.sped_cfop_122",""
"__export__.sped_cfop_123","__export__.sped_cfop_6","__export__.sped_cfop_123",""
"__export__.sped_cfop_124","__export__.sped_cfop_7","__export__.sped_cfop_124",""
"__export__.sped_cfop_125","__export__.sped_cfop_8","__export__.sped_cfop_125",""
"__export__.sped_cfop_126","__export__.sped_cfop_9","__export__.sped_cfop_126",""
"__export__.sped_cfop_127","__export__.sped_cfop_10","__export__.sped_cfop_127",""
"__export__.sped_cfop_128","__export__.sped_cfop_11","__export__.sped_cfop_128",""
"__export__.sped_cfop_129","__export__.sped_cfop_12","__export__.sped_cfop_129",""
"__export__.sped_cfop_130","__export__.sped_cfop_13","__export__.sped_cfop_130","__export__.sped_cfop_229"
"__export__.sped_cfop_131","__export__.sped_cfop_14","__export__.sped_cfop_131","__export__.sped_cfop_231"
"__export__.sped_cfop_132","__export__.sped_cfop_15","__export__.sped_cfop_132",""
"__export__.sped_cfop_133","__export__.sped_cfop_16","__export__.sped_cfop_133",""
"__export__.sped_cfop_134","__export__.sped_cfop_17","__export__.sped_cfop_134",""
"__export__.sped_cfop_135","__export__.sped_cfop_18","__export__.sped_cfop_135",""
"__export__.sped_cfop_136","__export__.sped_cfop_19","__export__.sped_cfop_136","__export__.sped_cfop_232"
"__export__.sped_cfop_137","__export__.sped_cfop_20","__export__.sped_cfop_137","__export__.sped_cfop_233"
"__export__.sped_cfop_138","__export__.sped_cfop_21","__export__.sped_cfop_138",""
"__export__.sped_cfop_139","__export__.sped_cfop_22","__export__.sped_cfop_139",""
"__export__.sped_cfop_140","__export__.sped_cfop_23","__export__.sped_cfop_140","__export__.sped_cfop_234"
"__export__.sped_cfop_141","__export__.sped_cfop_24","__export__.sped_cfop_141","__export__.sped_cfop_235"
"__export__.sped_cfop_142","__export__.sped_cfop_25","__export__.sped_cfop_142","__export__.sped_cfop_236"
"__export__.sped_cfop_143","__export__.sped_cfop_26","__export__.sped_cfop_143",""
"__export__.sped_cfop_144","__export__.sped_cfop_27","__export__.sped_cfop_144",""
"__export__.sped_cfop_145","__export__.sped_cfop_28","__export__.sped_cfop_145","__export__.sped_cfop_239"
"__export__.sped_cfop_146","__export__.sped_cfop_29","__export__.sped_cfop_146",""
"__export__.sped_cfop_147","__export__.sped_cfop_30","__export__.sped_cfop_147",""
"__export__.sped_cfop_148","__export__.sped_cfop_31","__export__.sped_cfop_148",""
"__export__.sped_cfop_149","__export__.sped_cfop_32","__export__.sped_cfop_149",""
"__export__.sped_cfop_150","__export__.sped_cfop_33","__export__.sped_cfop_150",""
"__export__.sped_cfop_151","__export__.sped_cfop_34","__export__.sped_cfop_151",""
"__export__.sped_cfop_152","__export__.sped_cfop_35","__export__.sped_cfop_152","__export__.sped_cfop_240"
"__export__.sped_cfop_153","__export__.sped_cfop_36","__export__.sped_cfop_153",""
"__export__.sped_cfop_154","__export__.sped_cfop_37","__export__.sped_cfop_154",""
"__export__.sped_cfop_155","__export__.sped_cfop_38","__export__.sped_cfop_155",""
"__export__.sped_cfop_156","__export__.sped_cfop_39","__export__.sped_cfop_156",""
"__export__.sped_cfop_157","__export__.sped_cfop_40","__export__.sped_cfop_157",""
"__export__.sped_cfop_158","__export__.sped_cfop_41","__export__.sped_cfop_158","__export__.sped_cfop_241"
"__export__.sped_cfop_159","__export__.sped_cfop_42","__export__.sped_cfop_159","__export__.sped_cfop_242"
"__export__.sped_cfop_160","__export__.sped_cfop_43","__export__.sped_cfop_160","__export__.sped_cfop_243"
"__export__.sped_cfop_161","__export__.sped_cfop_44","__export__.sped_cfop_161","__export__.sped_cfop_244"
"__export__.sped_cfop_162","__export__.sped_cfop_45","__export__.sped_cfop_162","__export__.sped_cfop_245"
"__export__.sped_cfop_163","__export__.sped_cfop_46","__export__.sped_cfop_163","__export__.sped_cfop_246"
"__export__.sped_cfop_164","__export__.sped_cfop_48","__export__.sped_cfop_164",""
"__export__.sped_cfop_165","__export__.sped_cfop_49","__export__.sped_cfop_165",""
"__export__.sped_cfop_166","__export__.sped_cfop_50","__export__.sped_cfop_166",""
"__export__.sped_cfop_167","__export__.sped_cfop_51","__export__.sped_cfop_167",""
"__export__.sped_cfop_168","__export__.sped_cfop_52","__export__.sped_cfop_168",""
"__export__.sped_cfop_169","__export__.sped_cfop_53","__export__.sped_cfop_169",""
"__export__.sped_cfop_170","__export__.sped_cfop_54","__export__.sped_cfop_170",""
"__export__.sped_cfop_171","__export__.sped_cfop_55","__export__.sped_cfop_171",""
"__export__.sped_cfop_172","__export__.sped_cfop_56","__export__.sped_cfop_172",""
"__export__.sped_cfop_173","__export__.sped_cfop_57","__export__.sped_cfop_173",""
"__export__.sped_cfop_174","__export__.sped_cfop_60","__export__.sped_cfop_174",""
"__export__.sped_cfop_175","__export__.sped_cfop_61","__export__.sped_cfop_175","__export__.sped_cfop_247"
"__export__.sped_cfop_176","__export__.sped_cfop_62","__export__.sped_cfop_176",""
"__export__.sped_cfop_177","__export__.sped_cfop_63","__export__.sped_cfop_177",""
"__export__.sped_cfop_178","__export__.sped_cfop_64","__export__.sped_cfop_178",""
"__export__.sped_cfop_179","__export__.sped_cfop_65","__export__.sped_cfop_179","__export__.sped_cfop_248"
"__export__.sped_cfop_180","__export__.sped_cfop_66","__export__.sped_cfop_180",""
"__export__.sped_cfop_181","__export__.sped_cfop_67","__export__.sped_cfop_181","__export__.sped_cfop_249"
"__export__.sped_cfop_182","__export__.sped_cfop_68","__export__.sped_cfop_182",""
"__export__.sped_cfop_183","__export__.sped_cfop_69","__export__.sped_cfop_183",""
"__export__.sped_cfop_184","__export__.sped_cfop_70","__export__.sped_cfop_184","__export__.sped_cfop_250"
"__export__.sped_cfop_185","__export__.sped_cfop_71","__export__.sped_cfop_185",""
"__export__.sped_cfop_186","__export__.sped_cfop_74","__export__.sped_cfop_186",""
"__export__.sped_cfop_187","__export__.sped_cfop_77","__export__.sped_cfop_187","__export__.sped_cfop_251"
"__export__.sped_cfop_188","__export__.sped_cfop_78","__export__.sped_cfop_188","__export__.sped_cfop_252"
"__export__.sped_cfop_189","__export__.sped_cfop_79","__export__.sped_cfop_189","__export__.sped_cfop_253"
"__export__.sped_cfop_190","__export__.sped_cfop_80","__export__.sped_cfop_190",""
"__export__.sped_cfop_191","__export__.sped_cfop_81","__export__.sped_cfop_191",""
"__export__.sped_cfop_192","__export__.sped_cfop_82","__export__.sped_cfop_192",""
"__export__.sped_cfop_193","__export__.sped_cfop_83","__export__.sped_cfop_193",""
"__export__.sped_cfop_194","__export__.sped_cfop_84","__export__.sped_cfop_194",""
"__export__.sped_cfop_195","__export__.sped_cfop_85","__export__.sped_cfop_195",""
"__export__.sped_cfop_196","__export__.sped_cfop_86","__export__.sped_cfop_196",""
"__export__.sped_cfop_197","__export__.sped_cfop_87","__export__.sped_cfop_197",""
"__export__.sped_cfop_198","__export__.sped_cfop_88","__export__.sped_cfop_198",""
"__export__.sped_cfop_199","__export__.sped_cfop_89","__export__.sped_cfop_199",""
"__export__.sped_cfop_200","__export__.sped_cfop_90","__export__.sped_cfop_200",""
"__export__.sped_cfop_201","__export__.sped_cfop_91","__export__.sped_cfop_201",""
"__export__.sped_cfop_202","__export__.sped_cfop_92","__export__.sped_cfop_202",""
"__export__.sped_cfop_203","__export__.sped_cfop_93","__export__.sped_cfop_203",""
"__export__.sped_cfop_204","__export__.sped_cfop_94","__export__.sped_cfop_204",""
"__export__.sped_cfop_205","__export__.sped_cfop_95","__export__.sped_cfop_205",""
"__export__.sped_cfop_206","__export__.sped_cfop_96","__export__.sped_cfop_206",""
"__export__.sped_cfop_207","__export__.sped_cfop_97","__export__.sped_cfop_207",""
"__export__.sped_cfop_208","__export__.sped_cfop_98","__export__.sped_cfop_208",""
"__export__.sped_cfop_209","__export__.sped_cfop_99","__export__.sped_cfop_209",""
"__export__.sped_cfop_210","__export__.sped_cfop_100","__export__.sped_cfop_210",""
"__export__.sped_cfop_211","__export__.sped_cfop_101","__export__.sped_cfop_211",""
"__export__.sped_cfop_212","__export__.sped_cfop_102","__export__.sped_cfop_212",""
"__export__.sped_cfop_213","__export__.sped_cfop_103","__export__.sped_cfop_213",""
"__export__.sped_cfop_214","__export__.sped_cfop_104","__export__.sped_cfop_214",""
"__export__.sped_cfop_215","__export__.sped_cfop_105","__export__.sped_cfop_215",""
"__export__.sped_cfop_216","__export__.sped_cfop_106","__export__.sped_cfop_216",""
"__export__.sped_cfop_217","__export__.sped_cfop_107","__export__.sped_cfop_217",""
"__export__.sped_cfop_218","__export__.sped_cfop_108","__export__.sped_cfop_218",""
"__export__.sped_cfop_219","__export__.sped_cfop_109","__export__.sped_cfop_219",""
"__export__.sped_cfop_220","__export__.sped_cfop_110","__export__.sped_cfop_220",""
"__export__.sped_cfop_221","__export__.sped_cfop_111","__export__.sped_cfop_221",""
"__export__.sped_cfop_222","__export__.sped_cfop_113","__export__.sped_cfop_222",""
"__export__.sped_cfop_223","__export__.sped_cfop_114","__export__.sped_cfop_223",""
"__export__.sped_cfop_224","__export__.sped_cfop_115","__export__.sped_cfop_224",""
"__export__.sped_cfop_225","__export__.sped_cfop_116","__export__.sped_cfop_225",""
"__export__.sped_cfop_226","__export__.sped_cfop_117","__export__.sped_cfop_226","__export__.sped_cfop_255"
"__export__.sped_cfop_227","__export__.sped_cfop_1","__export__.sped_cfop_118","__export__.sped_cfop_227"
"__export__.sped_cfop_228","__export__.sped_cfop_2","__export__.sped_cfop_119","__export__.sped_cfop_228"
"__export__.sped_cfop_229","__export__.sped_cfop_13","__export__.sped_cfop_130","__export__.sped_cfop_229"
"__export__.sped_cfop_230","","","__export__.sped_cfop_230"
"__export__.sped_cfop_231","__export__.sped_cfop_14","__export__.sped_cfop_131","__export__.sped_cfop_231"
"__export__.sped_cfop_232","__export__.sped_cfop_19","__export__.sped_cfop_136","__export__.sped_cfop_232"
"__export__.sped_cfop_233","__export__.sped_cfop_20","__export__.sped_cfop_137","__export__.sped_cfop_233"
"__export__.sped_cfop_234","__export__.sped_cfop_23","__export__.sped_cfop_140","__export__.sped_cfop_234"
"__export__.sped_cfop_235","__export__.sped_cfop_24","__export__.sped_cfop_141","__export__.sped_cfop_235"
"__export__.sped_cfop_236","__export__.sped_cfop_25","__export__.sped_cfop_142","__export__.sped_cfop_236"
"__export__.sped_cfop_237","","","__export__.sped_cfop_237"
"__export__.sped_cfop_238","","","__export__.sped_cfop_238"
"__export__.sped_cfop_239","__export__.sped_cfop_28","__export__.sped_cfop_145","__export__.sped_cfop_239"
"__export__.sped_cfop_240","__export__.sped_cfop_35","__export__.sped_cfop_152","__export__.sped_cfop_240"
"__export__.sped_cfop_241","__export__.sped_cfop_41","__export__.sped_cfop_158","__export__.sped_cfop_241"
"__export__.sped_cfop_242","__export__.sped_cfop_42","__export__.sped_cfop_159","__export__.sped_cfop_242"
"__export__.sped_cfop_243","__export__.sped_cfop_43","__export__.sped_cfop_160","__export__.sped_cfop_243"
"__export__.sped_cfop_244","__export__.sped_cfop_44","__export__.sped_cfop_161","__export__.sped_cfop_244"
"__export__.sped_cfop_245","__export__.sped_cfop_45","__export__.sped_cfop_162","__export__.sped_cfop_245"
"__export__.sped_cfop_246","__export__.sped_cfop_46","__export__.sped_cfop_163","__export__.sped_cfop_246"
"__export__.sped_cfop_247","__export__.sped_cfop_61","__export__.sped_cfop_175","__export__.sped_cfop_247"
"__export__.sped_cfop_248","__export__.sped_cfop_65","__export__.sped_cfop_179","__export__.sped_cfop_248"
"__export__.sped_cfop_249","__export__.sped_cfop_67","__export__.sped_cfop_181","__export__.sped_cfop_249"
"__export__.sped_cfop_250","__export__.sped_cfop_70","__export__.sped_cfop_184","__export__.sped_cfop_250"
"__export__.sped_cfop_251","__export__.sped_cfop_77","__export__.sped_cfop_187","__export__.sped_cfop_251"
"__export__.sped_cfop_252","__export__.sped_cfop_78","__export__.sped_cfop_188","__export__.sped_cfop_252"
"__export__.sped_cfop_253","__export__.sped_cfop_79","__export__.sped_cfop_189","__export__.sped_cfop_253"
"__export__.sped_cfop_254","","","__export__.sped_cfop_254"
"__export__.sped_cfop_255","__export__.sped_cfop_117","__export__.sped_cfop_226","__export__.sped_cfop_255"
"__export__.sped_cfop_256","__export__.sped_cfop_256","__export__.sped_cfop_396","__export__.sped_cfop_530"
"__export__.sped_cfop_257","__export__.sped_cfop_257","__export__.sped_cfop_397","__export__.sped_cfop_531"
"__export__.sped_cfop_258","__export__.sped_cfop_258","__export__.sped_cfop_398",""
"__export__.sped_cfop_259","__export__.sped_cfop_259","__export__.sped_cfop_399",""
"__export__.sped_cfop_260","__export__.sped_cfop_260","__export__.sped_cfop_400","__export__.sped_cfop_532"
"__export__.sped_cfop_261","__export__.sped_cfop_261","__export__.sped_cfop_401","__export__.sped_cfop_533"
"__export__.sped_cfop_262","__export__.sped_cfop_262","__export__.sped_cfop_404",""
"__export__.sped_cfop_263","__export__.sped_cfop_263","__export__.sped_cfop_405",""
"__export__.sped_cfop_264","__export__.sped_cfop_264","__export__.sped_cfop_406",""
"__export__.sped_cfop_265","__export__.sped_cfop_265","__export__.sped_cfop_407",""
"__export__.sped_cfop_266","__export__.sped_cfop_266","__export__.sped_cfop_408",""
"__export__.sped_cfop_267","__export__.sped_cfop_267","__export__.sped_cfop_409",""
"__export__.sped_cfop_268","__export__.sped_cfop_268","__export__.sped_cfop_410",""
"__export__.sped_cfop_269","__export__.sped_cfop_269","__export__.sped_cfop_411",""
"__export__.sped_cfop_270","__export__.sped_cfop_270","__export__.sped_cfop_412",""
"__export__.sped_cfop_271","__export__.sped_cfop_271","__export__.sped_cfop_413",""
"__export__.sped_cfop_272","__export__.sped_cfop_272","__export__.sped_cfop_414",""
"__export__.sped_cfop_273","__export__.sped_cfop_273","__export__.sped_cfop_415",""
"__export__.sped_cfop_274","__export__.sped_cfop_274","__export__.sped_cfop_416",""
"__export__.sped_cfop_275","__export__.sped_cfop_275","__export__.sped_cfop_417",""
"__export__.sped_cfop_276","__export__.sped_cfop_276","__export__.sped_cfop_418",""
"__export__.sped_cfop_277","__export__.sped_cfop_277","__export__.sped_cfop_419",""
"__export__.sped_cfop_278","__export__.sped_cfop_278","__export__.sped_cfop_420",""
"__export__.sped_cfop_279","__export__.sped_cfop_279","__export__.sped_cfop_421",""
"__export__.sped_cfop_280","__export__.sped_cfop_280","__export__.sped_cfop_422",""
"__export__.sped_cfop_281","__export__.sped_cfop_281","__export__.sped_cfop_423",""
"__export__.sped_cfop_282","__export__.sped_cfop_282","__export__.sped_cfop_424",""
"__export__.sped_cfop_283","__export__.sped_cfop_283","__export__.sped_cfop_425","__export__.sped_cfop_535"
"__export__.sped_cfop_284","__export__.sped_cfop_284","__export__.sped_cfop_426","__export__.sped_cfop_536"
"__export__.sped_cfop_285","__export__.sped_cfop_285","__export__.sped_cfop_427","__export__.sped_cfop_537"
"__export__.sped_cfop_286","__export__.sped_cfop_286","__export__.sped_cfop_428","__export__.sped_cfop_538"
"__export__.sped_cfop_287","__export__.sped_cfop_287","__export__.sped_cfop_429","__export__.sped_cfop_539"
"__export__.sped_cfop_288","__export__.sped_cfop_288","__export__.sped_cfop_430",""
"__export__.sped_cfop_289","__export__.sped_cfop_289","__export__.sped_cfop_431",""
"__export__.sped_cfop_290","__export__.sped_cfop_290","__export__.sped_cfop_432","__export__.sped_cfop_540"
"__export__.sped_cfop_291","__export__.sped_cfop_291","__export__.sped_cfop_433","__export__.sped_cfop_542"
"__export__.sped_cfop_292","__export__.sped_cfop_292","__export__.sped_cfop_434",""
"__export__.sped_cfop_293","__export__.sped_cfop_293","__export__.sped_cfop_435",""
"__export__.sped_cfop_294","__export__.sped_cfop_294","__export__.sped_cfop_436",""
"__export__.sped_cfop_295","__export__.sped_cfop_295","__export__.sped_cfop_437",""
"__export__.sped_cfop_296","__export__.sped_cfop_296","__export__.sped_cfop_438",""
"__export__.sped_cfop_297","__export__.sped_cfop_297","__export__.sped_cfop_439",""
"__export__.sped_cfop_298","__export__.sped_cfop_298","__export__.sped_cfop_440",""
"__export__.sped_cfop_299","__export__.sped_cfop_299","__export__.sped_cfop_441","__export__.sped_cfop_543"
"__export__.sped_cfop_300","__export__.sped_cfop_300","__export__.sped_cfop_442",""
"__export__.sped_cfop_301","__export__.sped_cfop_301","__export__.sped_cfop_443",""
"__export__.sped_cfop_302","__export__.sped_cfop_302","__export__.sped_cfop_444",""
"__export__.sped_cfop_303","__export__.sped_cfop_303","__export__.sped_cfop_445",""
"__export__.sped_cfop_304","__export__.sped_cfop_304","__export__.sped_cfop_446",""
"__export__.sped_cfop_305","__export__.sped_cfop_305","__export__.sped_cfop_447",""
"__export__.sped_cfop_306","__export__.sped_cfop_306","__export__.sped_cfop_448",""
"__export__.sped_cfop_307","__export__.sped_cfop_307","__export__.sped_cfop_449",""
"__export__.sped_cfop_308","__export__.sped_cfop_308","__export__.sped_cfop_450",""
"__export__.sped_cfop_309","__export__.sped_cfop_309","__export__.sped_cfop_451",""
"__export__.sped_cfop_310","__export__.sped_cfop_310","__export__.sped_cfop_452",""
"__export__.sped_cfop_311","__export__.sped_cfop_311","__export__.sped_cfop_453",""
"__export__.sped_cfop_312","__export__.sped_cfop_312","__export__.sped_cfop_454",""
"__export__.sped_cfop_313","__export__.sped_cfop_313","__export__.sped_cfop_455",""
"__export__.sped_cfop_314","__export__.sped_cfop_314","__export__.sped_cfop_456",""
"__export__.sped_cfop_315","__export__.sped_cfop_315","__export__.sped_cfop_457",""
"__export__.sped_cfop_316","__export__.sped_cfop_316","__export__.sped_cfop_458",""
"__export__.sped_cfop_317","__export__.sped_cfop_317","__export__.sped_cfop_459",""
"__export__.sped_cfop_318","__export__.sped_cfop_318","",""
"__export__.sped_cfop_319","__export__.sped_cfop_319","__export__.sped_cfop_461",""
"__export__.sped_cfop_320","__export__.sped_cfop_320","__export__.sped_cfop_462",""
"__export__.sped_cfop_321","__export__.sped_cfop_321","__export__.sped_cfop_463",""
"__export__.sped_cfop_322","__export__.sped_cfop_322","__export__.sped_cfop_464",""
"__export__.sped_cfop_323","__export__.sped_cfop_323","__export__.sped_cfop_465",""
"__export__.sped_cfop_324","__export__.sped_cfop_324","__export__.sped_cfop_466",""
"__export__.sped_cfop_325","__export__.sped_cfop_325","__export__.sped_cfop_467",""
"__export__.sped_cfop_326","__export__.sped_cfop_326","__export__.sped_cfop_468",""
"__export__.sped_cfop_327","__export__.sped_cfop_327","",""
"__export__.sped_cfop_328","__export__.sped_cfop_328","__export__.sped_cfop_469","__export__.sped_cfop_545"
"__export__.sped_cfop_329","__export__.sped_cfop_329","__export__.sped_cfop_470",""
"__export__.sped_cfop_330","__export__.sped_cfop_330","__export__.sped_cfop_471",""
"__export__.sped_cfop_331","__export__.sped_cfop_331","__export__.sped_cfop_472",""
"__export__.sped_cfop_332","__export__.sped_cfop_332","__export__.sped_cfop_473",""
"__export__.sped_cfop_333","__export__.sped_cfop_333","__export__.sped_cfop_474","__export__.sped_cfop_546"
"__export__.sped_cfop_334","__export__.sped_cfop_334","__export__.sped_cfop_475",""
"__export__.sped_cfop_335","__export__.sped_cfop_335","__export__.sped_cfop_476","__export__.sped_cfop_547"
"__export__.sped_cfop_336","__export__.sped_cfop_336","__export__.sped_cfop_477",""
"__export__.sped_cfop_337","__export__.sped_cfop_337","__export__.sped_cfop_478",""
"__export__.sped_cfop_338","__export__.sped_cfop_338","__export__.sped_cfop_479","__export__.sped_cfop_548"
"__export__.sped_cfop_339","__export__.sped_cfop_339","__export__.sped_cfop_480",""
"__export__.sped_cfop_340","__export__.sped_cfop_340","",""
"__export__.sped_cfop_341","__export__.sped_cfop_341","",""
"__export__.sped_cfop_342","__export__.sped_cfop_342","__export__.sped_cfop_481",""
"__export__.sped_cfop_343","__export__.sped_cfop_343","",""
"__export__.sped_cfop_344","__export__.sped_cfop_344","",""
"__export__.sped_cfop_345","__export__.sped_cfop_345","__export__.sped_cfop_482","__export__.sped_cfop_549"
"__export__.sped_cfop_346","__export__.sped_cfop_346","__export__.sped_cfop_483",""
"__export__.sped_cfop_347","__export__.sped_cfop_347","__export__.sped_cfop_484",""
"__export__.sped_cfop_348","__export__.sped_cfop_348","__export__.sped_cfop_485","__export__.sped_cfop_550"
"__export__.sped_cfop_349","__export__.sped_cfop_349","__export__.sped_cfop_486",""
"__export__.sped_cfop_350","__export__.sped_cfop_350","__export__.sped_cfop_487",""
"__export__.sped_cfop_351","__export__.sped_cfop_351","__export__.sped_cfop_488",""
"__export__.sped_cfop_352","__export__.sped_cfop_352","__export__.sped_cfop_489",""
"__export__.sped_cfop_353","__export__.sped_cfop_353","__export__.sped_cfop_490",""
"__export__.sped_cfop_354","__export__.sped_cfop_354","__export__.sped_cfop_491",""
"__export__.sped_cfop_355","__export__.sped_cfop_355","__export__.sped_cfop_492",""
"__export__.sped_cfop_356","__export__.sped_cfop_356","__export__.sped_cfop_493",""
"__export__.sped_cfop_357","__export__.sped_cfop_357","__export__.sped_cfop_494",""
"__export__.sped_cfop_358","__export__.sped_cfop_358","__export__.sped_cfop_495",""
"__export__.sped_cfop_359","__export__.sped_cfop_359","__export__.sped_cfop_496",""
"__export__.sped_cfop_360","__export__.sped_cfop_360","__export__.sped_cfop_497",""
"__export__.sped_cfop_361","__export__.sped_cfop_361","__export__.sped_cfop_498","__export__.sped_cfop_551"
"__export__.sped_cfop_362","__export__.sped_cfop_362","__export__.sped_cfop_499",""
"__export__.sped_cfop_363","__export__.sped_cfop_363","__export__.sped_cfop_500",""
"__export__.sped_cfop_364","__export__.sped_cfop_364","__export__.sped_cfop_501",""
"__export__.sped_cfop_365","__export__.sped_cfop_365","__export__.sped_cfop_502",""
"__export__.sped_cfop_366","__export__.sped_cfop_366","__export__.sped_cfop_503",""
"__export__.sped_cfop_367","__export__.sped_cfop_367","__export__.sped_cfop_504",""
"__export__.sped_cfop_368","__export__.sped_cfop_368","__export__.sped_cfop_505",""
"__export__.sped_cfop_369","__export__.sped_cfop_369","__export__.sped_cfop_506",""
"__export__.sped_cfop_370","__export__.sped_cfop_370","__export__.sped_cfop_507",""
"__export__.sped_cfop_371","__export__.sped_cfop_371","__export__.sped_cfop_508",""
"__export__.sped_cfop_372","__export__.sped_cfop_372","__export__.sped_cfop_509",""
"__export__.sped_cfop_373","__export__.sped_cfop_373","__export__.sped_cfop_510",""
"__export__.sped_cfop_374","__export__.sped_cfop_374","__export__.sped_cfop_511",""
"__export__.sped_cfop_375","__export__.sped_cfop_375","__export__.sped_cfop_512",""
"__export__.sped_cfop_376","__export__.sped_cfop_376","__export__.sped_cfop_513",""
"__export__.sped_cfop_377","__export__.sped_cfop_377","__export__.sped_cfop_514",""
"__export__.sped_cfop_378","__export__.sped_cfop_378","__export__.sped_cfop_515",""
"__export__.sped_cfop_379","__export__.sped_cfop_379","__export__.sped_cfop_516",""
"__export__.sped_cfop_380","__export__.sped_cfop_380","__export__.sped_cfop_517",""
"__export__.sped_cfop_381","__export__.sped_cfop_381","__export__.sped_cfop_518",""
"__export__.sped_cfop_382","__export__.sped_cfop_382","__export__.sped_cfop_519",""
"__export__.sped_cfop_383","__export__.sped_cfop_383","__export__.sped_cfop_520",""
"__export__.sped_cfop_384","__export__.sped_cfop_384","__export__.sped_cfop_521",""
"__export__.sped_cfop_385","__export__.sped_cfop_385","__export__.sped_cfop_522",""
"__export__.sped_cfop_386","__export__.sped_cfop_386","__export__.sped_cfop_523",""
"__export__.sped_cfop_387","__export__.sped_cfop_387","",""
"__export__.sped_cfop_388","__export__.sped_cfop_388","",""
"__export__.sped_cfop_389","__export__.sped_cfop_389","",""
"__export__.sped_cfop_390","__export__.sped_cfop_390","__export__.sped_cfop_524",""
"__export__.sped_cfop_391","__export__.sped_cfop_391","__export__.sped_cfop_525",""
"__export__.sped_cfop_392","__export__.sped_cfop_392","__export__.sped_cfop_526",""
"__export__.sped_cfop_393","__export__.sped_cfop_393","__export__.sped_cfop_527",""
"__export__.sped_cfop_394","__export__.sped_cfop_394","__export__.sped_cfop_528",""
"__export__.sped_cfop_395","__export__.sped_cfop_395","__export__.sped_cfop_529","__export__.sped_cfop_553"
"__export__.sped_cfop_396","__export__.sped_cfop_256","__export__.sped_cfop_396","__export__.sped_cfop_530"
"__export__.sped_cfop_397","__export__.sped_cfop_257","__export__.sped_cfop_397","__export__.sped_cfop_531"
"__export__.sped_cfop_398","__export__.sped_cfop_258","__export__.sped_cfop_398",""
"__export__.sped_cfop_399","__export__.sped_cfop_259","__export__.sped_cfop_399",""
"__export__.sped_cfop_400","__export__.sped_cfop_260","__export__.sped_cfop_400","__export__.sped_cfop_532"
"__export__.sped_cfop_401","__export__.sped_cfop_261","__export__.sped_cfop_401","__export__.sped_cfop_533"
"__export__.sped_cfop_402","","__export__.sped_cfop_402","__export__.sped_cfop_534"
"__export__.sped_cfop_403","","__export__.sped_cfop_403",""
"__export__.sped_cfop_404","__export__.sped_cfop_262","__export__.sped_cfop_404",""
"__export__.sped_cfop_405","__export__.sped_cfop_263","__export__.sped_cfop_405",""
"__export__.sped_cfop_406","__export__.sped_cfop_264","__export__.sped_cfop_406",""
"__export__.sped_cfop_407","__export__.sped_cfop_265","__export__.sped_cfop_407",""
"__export__.sped_cfop_408","__export__.sped_cfop_266","__export__.sped_cfop_408",""
"__export__.sped_cfop_409","__export__.sped_cfop_267","__export__.sped_cfop_409",""
"__export__.sped_cfop_410","__export__.sped_cfop_268","__export__.sped_cfop_410",""
"__export__.sped_cfop_411","__export__.sped_cfop_269","__export__.sped_cfop_411",""
"__export__.sped_cfop_412","__export__.sped_cfop_270","__export__.sped_cfop_412",""
"__export__.sped_cfop_413","__export__.sped_cfop_271","__export__.sped_cfop_413",""
"__export__.sped_cfop_414","__export__.sped_cfop_272","__export__.sped_cfop_414",""
"__export__.sped_cfop_415","__export__.sped_cfop_273","__export__.sped_cfop_415",""
"__export__.sped_cfop_416","__export__.sped_cfop_274","__export__.sped_cfop_416",""
"__export__.sped_cfop_417","__export__.sped_cfop_275","__export__.sped_cfop_417",""
"__export__.sped_cfop_418","__export__.sped_cfop_276","__export__.sped_cfop_418",""
"__export__.sped_cfop_419","__export__.sped_cfop_277","__export__.sped_cfop_419",""
"__export__.sped_cfop_420","__export__.sped_cfop_278","__export__.sped_cfop_420",""
"__export__.sped_cfop_421","__export__.sped_cfop_279","__export__.sped_cfop_421",""
"__export__.sped_cfop_422","__export__.sped_cfop_280","__export__.sped_cfop_422",""
"__export__.sped_cfop_423","__export__.sped_cfop_281","__export__.sped_cfop_423",""
"__export__.sped_cfop_424","__export__.sped_cfop_282","__export__.sped_cfop_424",""
"__export__.sped_cfop_425","__export__.sped_cfop_283","__export__.sped_cfop_425","__export__.sped_cfop_535"
"__export__.sped_cfop_426","__export__.sped_cfop_284","__export__.sped_cfop_426","__export__.sped_cfop_536"
"__export__.sped_cfop_427","__export__.sped_cfop_285","__export__.sped_cfop_427","__export__.sped_cfop_537"
"__export__.sped_cfop_428","__export__.sped_cfop_286","__export__.sped_cfop_428","__export__.sped_cfop_538"
"__export__.sped_cfop_429","__export__.sped_cfop_287","__export__.sped_cfop_429","__export__.sped_cfop_539"
"__export__.sped_cfop_430","__export__.sped_cfop_288","__export__.sped_cfop_430",""
"__export__.sped_cfop_431","__export__.sped_cfop_289","__export__.sped_cfop_431",""
"__export__.sped_cfop_432","__export__.sped_cfop_290","__export__.sped_cfop_432","__export__.sped_cfop_540"
"__export__.sped_cfop_433","__export__.sped_cfop_291","__export__.sped_cfop_433","__export__.sped_cfop_542"
"__export__.sped_cfop_434","__export__.sped_cfop_292","__export__.sped_cfop_434",""
"__export__.sped_cfop_435","__export__.sped_cfop_293","__export__.sped_cfop_435",""
"__export__.sped_cfop_436","__export__.sped_cfop_294","__export__.sped_cfop_436",""
"__export__.sped_cfop_437","__export__.sped_cfop_295","__export__.sped_cfop_437",""
"__export__.sped_cfop_438","__export__.sped_cfop_296","__export__.sped_cfop_438",""
"__export__.sped_cfop_439","__export__.sped_cfop_297","__export__.sped_cfop_439",""
"__export__.sped_cfop_440","__export__.sped_cfop_298","__export__.sped_cfop_440",""
"__export__.sped_cfop_441","__export__.sped_cfop_299","__export__.sped_cfop_441","__export__.sped_cfop_543"
"__export__.sped_cfop_442","__export__.sped_cfop_300","__export__.sped_cfop_442",""
"__export__.sped_cfop_443","__export__.sped_cfop_301","__export__.sped_cfop_443",""
"__export__.sped_cfop_444","__export__.sped_cfop_302","__export__.sped_cfop_444",""
"__export__.sped_cfop_445","__export__.sped_cfop_303","__export__.sped_cfop_445",""
"__export__.sped_cfop_446","__export__.sped_cfop_304","__export__.sped_cfop_446",""
"__export__.sped_cfop_447","__export__.sped_cfop_305","__export__.sped_cfop_447",""
"__export__.sped_cfop_448","__export__.sped_cfop_306","__export__.sped_cfop_448",""
"__export__.sped_cfop_449","__export__.sped_cfop_307","__export__.sped_cfop_449",""
"__export__.sped_cfop_450","__export__.sped_cfop_308","__export__.sped_cfop_450",""
"__export__.sped_cfop_451","__export__.sped_cfop_309","__export__.sped_cfop_451",""
"__export__.sped_cfop_452","__export__.sped_cfop_310","__export__.sped_cfop_452",""
"__export__.sped_cfop_453","__export__.sped_cfop_311","__export__.sped_cfop_453",""
"__export__.sped_cfop_454","__export__.sped_cfop_312","__export__.sped_cfop_454",""
"__export__.sped_cfop_455","__export__.sped_cfop_313","__export__.sped_cfop_455",""
"__export__.sped_cfop_456","__export__.sped_cfop_314","__export__.sped_cfop_456",""
"__export__.sped_cfop_457","__export__.sped_cfop_315","__export__.sped_cfop_457",""
"__export__.sped_cfop_458","__export__.sped_cfop_316","__export__.sped_cfop_458",""
"__export__.sped_cfop_459","__export__.sped_cfop_317","__export__.sped_cfop_459",""
"__export__.sped_cfop_460","","__export__.sped_cfop_460",""
"__export__.sped_cfop_461","__export__.sped_cfop_319","__export__.sped_cfop_461",""
"__export__.sped_cfop_462","__export__.sped_cfop_320","__export__.sped_cfop_462",""
"__export__.sped_cfop_463","__export__.sped_cfop_321","__export__.sped_cfop_463",""
"__export__.sped_cfop_464","__export__.sped_cfop_322","__export__.sped_cfop_464",""
"__export__.sped_cfop_465","__export__.sped_cfop_323","__export__.sped_cfop_465",""
"__export__.sped_cfop_466","__export__.sped_cfop_324","__export__.sped_cfop_466",""
"__export__.sped_cfop_467","__export__.sped_cfop_325","__export__.sped_cfop_467",""
"__export__.sped_cfop_468","__export__.sped_cfop_326","__export__.sped_cfop_468",""
"__export__.sped_cfop_469","__export__.sped_cfop_328","__export__.sped_cfop_469","__export__.sped_cfop_545"
"__export__.sped_cfop_470","__export__.sped_cfop_329","__export__.sped_cfop_470",""
"__export__.sped_cfop_471","__export__.sped_cfop_330","__export__.sped_cfop_471",""
"__export__.sped_cfop_472","__export__.sped_cfop_331","__export__.sped_cfop_472",""
"__export__.sped_cfop_473","__export__.sped_cfop_332","__export__.sped_cfop_473",""
"__export__.sped_cfop_474","__export__.sped_cfop_333","__export__.sped_cfop_474","__export__.sped_cfop_546"
"__export__.sped_cfop_475","__export__.sped_cfop_334","__export__.sped_cfop_475",""
"__export__.sped_cfop_476","__export__.sped_cfop_335","__export__.sped_cfop_476","__export__.sped_cfop_547"
"__export__.sped_cfop_477","__export__.sped_cfop_336","__export__.sped_cfop_477",""
"__export__.sped_cfop_478","__export__.sped_cfop_337","__export__.sped_cfop_478",""
"__export__.sped_cfop_479","__export__.sped_cfop_338","__export__.sped_cfop_479","__export__.sped_cfop_548"
"__export__.sped_cfop_480","__export__.sped_cfop_339","__export__.sped_cfop_480",""
"__export__.sped_cfop_481","__export__.sped_cfop_342","__export__.sped_cfop_481",""
"__export__.sped_cfop_482","__export__.sped_cfop_345","__export__.sped_cfop_482","__export__.sped_cfop_549"
"__export__.sped_cfop_483","__export__.sped_cfop_346","__export__.sped_cfop_483",""
"__export__.sped_cfop_484","__export__.sped_cfop_347","__export__.sped_cfop_484",""
"__export__.sped_cfop_485","__export__.sped_cfop_348","__export__.sped_cfop_485","__export__.sped_cfop_550"
"__export__.sped_cfop_486","__export__.sped_cfop_349","__export__.sped_cfop_486",""
"__export__.sped_cfop_487","__export__.sped_cfop_350","__export__.sped_cfop_487",""
"__export__.sped_cfop_488","__export__.sped_cfop_351","__export__.sped_cfop_488",""
"__export__.sped_cfop_489","__export__.sped_cfop_352","__export__.sped_cfop_489",""
"__export__.sped_cfop_490","__export__.sped_cfop_353","__export__.sped_cfop_490",""
"__export__.sped_cfop_491","__export__.sped_cfop_354","__export__.sped_cfop_491",""
"__export__.sped_cfop_492","__export__.sped_cfop_355","__export__.sped_cfop_492",""
"__export__.sped_cfop_493","__export__.sped_cfop_356","__export__.sped_cfop_493",""
"__export__.sped_cfop_494","__export__.sped_cfop_357","__export__.sped_cfop_494",""
"__export__.sped_cfop_495","__export__.sped_cfop_358","__export__.sped_cfop_495",""
"__export__.sped_cfop_496","__export__.sped_cfop_359","__export__.sped_cfop_496",""
"__export__.sped_cfop_497","__export__.sped_cfop_360","__export__.sped_cfop_497",""
"__export__.sped_cfop_498","__export__.sped_cfop_361","__export__.sped_cfop_498","__export__.sped_cfop_551"
"__export__.sped_cfop_499","__export__.sped_cfop_362","__export__.sped_cfop_499",""
"__export__.sped_cfop_500","__export__.sped_cfop_363","__export__.sped_cfop_500",""
"__export__.sped_cfop_501","__export__.sped_cfop_364","__export__.sped_cfop_501",""
"__export__.sped_cfop_502","__export__.sped_cfop_365","__export__.sped_cfop_502",""
"__export__.sped_cfop_503","__export__.sped_cfop_366","__export__.sped_cfop_503",""
"__export__.sped_cfop_504","__export__.sped_cfop_367","__export__.sped_cfop_504",""
"__export__.sped_cfop_505","__export__.sped_cfop_368","__export__.sped_cfop_505",""
"__export__.sped_cfop_506","__export__.sped_cfop_369","__export__.sped_cfop_506",""
"__export__.sped_cfop_507","__export__.sped_cfop_370","__export__.sped_cfop_507",""
"__export__.sped_cfop_508","__export__.sped_cfop_371","__export__.sped_cfop_508",""
"__export__.sped_cfop_509","__export__.sped_cfop_372","__export__.sped_cfop_509",""
"__export__.sped_cfop_510","__export__.sped_cfop_373","__export__.sped_cfop_510",""
"__export__.sped_cfop_511","__export__.sped_cfop_374","__export__.sped_cfop_511",""
"__export__.sped_cfop_512","__export__.sped_cfop_375","__export__.sped_cfop_512",""
"__export__.sped_cfop_513","__export__.sped_cfop_376","__export__.sped_cfop_513",""
"__export__.sped_cfop_514","__export__.sped_cfop_377","__export__.sped_cfop_514",""
"__export__.sped_cfop_515","__export__.sped_cfop_378","__export__.sped_cfop_515",""
"__export__.sped_cfop_516","__export__.sped_cfop_379","__export__.sped_cfop_516",""
"__export__.sped_cfop_517","__export__.sped_cfop_380","__export__.sped_cfop_517",""
"__export__.sped_cfop_518","__export__.sped_cfop_381","__export__.sped_cfop_518",""
"__export__.sped_cfop_519","__export__.sped_cfop_382","__export__.sped_cfop_519",""
"__export__.sped_cfop_520","__export__.sped_cfop_383","__export__.sped_cfop_520",""
"__export__.sped_cfop_521","__export__.sped_cfop_384","__export__.sped_cfop_521",""
"__export__.sped_cfop_522","__export__.sped_cfop_385","__export__.sped_cfop_522",""
"__export__.sped_cfop_523","__export__.sped_cfop_386","__export__.sped_cfop_523",""
"__export__.sped_cfop_524","__export__.sped_cfop_390","__export__.sped_cfop_524",""
"__export__.sped_cfop_525","__export__.sped_cfop_391","__export__.sped_cfop_525",""
"__export__.sped_cfop_526","__export__.sped_cfop_392","__export__.sped_cfop_526",""
"__export__.sped_cfop_527","__export__.sped_cfop_393","__export__.sped_cfop_527",""
"__export__.sped_cfop_528","__export__.sped_cfop_394","__export__.sped_cfop_528",""
"__export__.sped_cfop_529","__export__.sped_cfop_395","__export__.sped_cfop_529","__export__.sped_cfop_553"
"__export__.sped_cfop_530","__export__.sped_cfop_256","__export__.sped_cfop_396","__export__.sped_cfop_530"
"__export__.sped_cfop_531","__export__.sped_cfop_257","__export__.sped_cfop_397","__export__.sped_cfop_531"
"__export__.sped_cfop_532","__export__.sped_cfop_260","__export__.sped_cfop_400","__export__.sped_cfop_532"
"__export__.sped_cfop_533","__export__.sped_cfop_261","__export__.sped_cfop_401","__export__.sped_cfop_533"
"__export__.sped_cfop_534","","__export__.sped_cfop_402","__export__.sped_cfop_534"
"__export__.sped_cfop_535","__export__.sped_cfop_283","__export__.sped_cfop_425","__export__.sped_cfop_535"
"__export__.sped_cfop_536","__export__.sped_cfop_284","__export__.sped_cfop_426","__export__.sped_cfop_536"
"__export__.sped_cfop_537","__export__.sped_cfop_285","__export__.sped_cfop_427","__export__.sped_cfop_537"
"__export__.sped_cfop_538","__export__.sped_cfop_286","__export__.sped_cfop_428","__export__.sped_cfop_538"
"__export__.sped_cfop_539","__export__.sped_cfop_287","__export__.sped_cfop_429","__export__.sped_cfop_539"
"__export__.sped_cfop_540","__export__.sped_cfop_290","__export__.sped_cfop_432","__export__.sped_cfop_540"
"__export__.sped_cfop_541","","","__export__.sped_cfop_541"
"__export__.sped_cfop_542","__export__.sped_cfop_291","__export__.sped_cfop_433","__export__.sped_cfop_542"
"__export__.sped_cfop_543","__export__.sped_cfop_299","__export__.sped_cfop_441","__export__.sped_cfop_543"
"__export__.sped_cfop_544","","","__export__.sped_cfop_544"
"__export__.sped_cfop_545","__export__.sped_cfop_328","__export__.sped_cfop_469","__export__.sped_cfop_545"
"__export__.sped_cfop_546","__export__.sped_cfop_333","__export__.sped_cfop_474","__export__.sped_cfop_546"
"__export__.sped_cfop_547","__export__.sped_cfop_335","__export__.sped_cfop_476","__export__.sped_cfop_547"
"__export__.sped_cfop_548","__export__.sped_cfop_338","__export__.sped_cfop_479","__export__.sped_cfop_548"
"__export__.sped_cfop_549","__export__.sped_cfop_345","__export__.sped_cfop_482","__export__.sped_cfop_549"
"__export__.sped_cfop_550","__export__.sped_cfop_348","__export__.sped_cfop_485","__export__.sped_cfop_550"
"__export__.sped_cfop_551","__export__.sped_cfop_361","__export__.sped_cfop_498","__export__.sped_cfop_551"
"__export__.sped_cfop_552","","","__export__.sped_cfop_552"
"__export__.sped_cfop_553","__export__.sped_cfop_395","__export__.sped_cfop_529","__export__.sped_cfop_553"
